party,text_type,num_words
AfD,interruption,468.274678111588
AfD,main_text,7856.9152542372885
BÜNDNIS 90/DIE GRÜNEN,interruption,520.8117154811715
BÜNDNIS 90/DIE GRÜNEN,main_text,8079.711899791232
CDU/CSU,interruption,353.5323590814196
CDU/CSU,main_text,22664.656964656966
DIE LINKE,interruption,301.10526315789474
DIE LINKE,main_text,7048.592901878915
FDP,interruption,321.65384615384613
FDP,main_text,6787.185654008439
SPD,interruption,240.27078891257995
SPD,main_text,14868.37422037422
